_source_@timestamp,_source_source_ip,_source_destination_ip,_source_source_port,symb:_source_destination_port,_source_event_duration,_source_network_bytes,_source_query,symb:_source_url_path,_source_url_port,symb:_source_http_response_status_code,symb:_source_http_request_method,symb:source_host_mapping,symb:destination_host_mapping
1042810592,192.168.247.10,10.111.44.58,34258.0,5000.0,254855,746,GET /uaa/users/current,>uaa>users>current,5000.0,401.0,get,account-service,auth-service
1042810592,192.168.247.10,192.168.247.8,34258.0,5000.0,254824,746,GET /uaa/users/current,>uaa>users>current,5000.0,401.0,get,account-service,auth-service
1042810727,192.168.247.10,192.168.247.8,45496.0,5000.0,113520,812,POST /uaa/oauth/token,>uaa>oauth>token,5000.0,200.0,post,account-service,auth-service
1042810727,192.168.247.10,10.111.44.58,45496.0,5000.0,113548,812,POST /uaa/oauth/token,>uaa>oauth>token,5000.0,200.0,post,account-service,auth-service
1042810728,192.168.247.10,192.168.247.8,55062.0,5000.0,599392,670,POST /uaa/users,>uaa>users,5000.0,200.0,post,account-service,auth-service
1042810729,192.168.247.10,10.111.44.58,45496.0,5000.0,29877,1711,GET /uaa/users/current,>uaa>users>current,5000.0,200.0,get,account-service,auth-service
1042810729,192.168.247.10,192.168.247.8,45496.0,5000.0,29825,1711,GET /uaa/users/current,>uaa>users>current,5000.0,200.0,get,account-service,auth-service
1042810762,192.168.247.10,10.111.44.58,53502.0,5000.0,10409,1711,GET /uaa/users/current,>uaa>users>current,5000.0,200.0,get,account-service,auth-service
1042810762,192.168.247.10,192.168.247.8,53502.0,5000.0,10377,1711,GET /uaa/users/current,>uaa>users>current,5000.0,200.0,get,account-service,auth-service
1042810777,192.168.247.10,10.111.44.58,52988.0,5000.0,5384,1711,GET /uaa/users/current,>uaa>users>current,5000.0,200.0,get,account-service,auth-service
1042810777,192.168.247.10,192.168.247.8,52988.0,5000.0,5350,1711,GET /uaa/users/current,>uaa>users>current,5000.0,200.0,get,account-service,auth-service
1042810788,192.168.247.10,192.168.247.8,38286.0,5000.0,10457,1711,GET /uaa/users/current,>uaa>users>current,5000.0,200.0,get,account-service,auth-service
1042810788,192.168.247.10,10.111.44.58,38286.0,5000.0,10506,1711,GET /uaa/users/current,>uaa>users>current,5000.0,200.0,get,account-service,auth-service
1042810802,192.168.247.10,10.111.44.58,41688.0,5000.0,22545,1711,GET /uaa/users/current,>uaa>users>current,5000.0,200.0,get,account-service,auth-service
1042810802,192.168.247.10,192.168.247.8,41688.0,5000.0,22451,1711,GET /uaa/users/current,>uaa>users>current,5000.0,200.0,get,account-service,auth-service
1042810851,192.168.247.10,10.111.44.58,40222.0,5000.0,8452,1711,GET /uaa/users/current,>uaa>users>current,5000.0,200.0,get,account-service,auth-service
1042810851,192.168.247.10,10.111.44.58,40222.0,5000.0,5808,1711,GET /uaa/users/current,>uaa>users>current,5000.0,200.0,get,account-service,auth-service
1042810851,192.168.247.10,192.168.247.8,40222.0,5000.0,5773,1711,GET /uaa/users/current,>uaa>users>current,5000.0,200.0,get,account-service,auth-service
1042810851,192.168.247.10,192.168.247.8,40222.0,5000.0,8415,1711,GET /uaa/users/current,>uaa>users>current,5000.0,200.0,get,account-service,auth-service
1042810877,192.168.247.10,192.168.247.8,41842.0,5000.0,3609,1711,GET /uaa/users/current,>uaa>users>current,5000.0,200.0,get,account-service,auth-service
1042810877,192.168.247.10,10.111.44.58,41842.0,5000.0,3632,1711,GET /uaa/users/current,>uaa>users>current,5000.0,200.0,get,account-service,auth-service
1042810877,192.168.247.10,192.168.247.8,41842.0,5000.0,5774,1711,GET /uaa/users/current,>uaa>users>current,5000.0,200.0,get,account-service,auth-service
1042810877,192.168.247.10,10.111.44.58,41842.0,5000.0,5814,1711,GET /uaa/users/current,>uaa>users>current,5000.0,200.0,get,account-service,auth-service
1042810893,192.168.247.10,10.111.44.58,41584.0,5000.0,3980,1711,GET /uaa/users/current,>uaa>users>current,5000.0,200.0,get,account-service,auth-service
1042810893,192.168.247.10,192.168.247.8,41584.0,5000.0,5398,1711,GET /uaa/users/current,>uaa>users>current,5000.0,200.0,get,account-service,auth-service
1042810893,192.168.247.10,192.168.247.8,41584.0,5000.0,3931,1711,GET /uaa/users/current,>uaa>users>current,5000.0,200.0,get,account-service,auth-service
1042810893,192.168.247.10,10.111.44.58,41584.0,5000.0,5431,1711,GET /uaa/users/current,>uaa>users>current,5000.0,200.0,get,account-service,auth-service
1042810917,192.168.247.10,192.168.247.8,40038.0,5000.0,4874,1711,GET /uaa/users/current,>uaa>users>current,5000.0,200.0,get,account-service,auth-service
1042810917,192.168.247.10,10.111.44.58,40038.0,5000.0,3562,1711,GET /uaa/users/current,>uaa>users>current,5000.0,200.0,get,account-service,auth-service
1042810917,192.168.247.10,192.168.247.8,40038.0,5000.0,3487,1711,GET /uaa/users/current,>uaa>users>current,5000.0,200.0,get,account-service,auth-service
1042810917,192.168.247.10,10.111.44.58,40038.0,5000.0,4926,1711,GET /uaa/users/current,>uaa>users>current,5000.0,200.0,get,account-service,auth-service
1042810923,192.168.247.10,192.168.247.8,40040.0,5000.0,3912,1711,GET /uaa/users/current,>uaa>users>current,5000.0,200.0,get,account-service,auth-service
1042810923,192.168.247.10,10.111.44.58,40040.0,5000.0,3943,1711,GET /uaa/users/current,>uaa>users>current,5000.0,200.0,get,account-service,auth-service
1042810923,192.168.247.10,192.168.247.8,40042.0,5000.0,4110,1711,GET /uaa/users/current,>uaa>users>current,5000.0,200.0,get,account-service,auth-service
1042810923,192.168.247.10,10.111.44.58,40042.0,5000.0,4147,1711,GET /uaa/users/current,>uaa>users>current,5000.0,200.0,get,account-service,auth-service
1042811000,192.168.247.10,192.168.247.8,52298.0,5000.0,3016,1711,GET /uaa/users/current,>uaa>users>current,5000.0,200.0,get,account-service,auth-service
1042811000,192.168.247.10,10.111.44.58,52298.0,5000.0,3039,1711,GET /uaa/users/current,>uaa>users>current,5000.0,200.0,get,account-service,auth-service
1042811028,192.168.247.10,192.168.247.8,42582.0,5000.0,3141,1711,GET /uaa/users/current,>uaa>users>current,5000.0,200.0,get,account-service,auth-service
1042811028,192.168.247.10,10.111.44.58,42582.0,5000.0,3182,1711,GET /uaa/users/current,>uaa>users>current,5000.0,200.0,get,account-service,auth-service
1042811048,192.168.247.10,10.111.44.58,59210.0,5000.0,5659,1711,GET /uaa/users/current,>uaa>users>current,5000.0,200.0,get,account-service,auth-service
1042811048,192.168.247.10,192.168.247.8,59210.0,5000.0,5624,1711,GET /uaa/users/current,>uaa>users>current,5000.0,200.0,get,account-service,auth-service
1042811337,192.168.247.10,192.168.247.8,58892.0,5000.0,2694,1711,GET /uaa/users/current,>uaa>users>current,5000.0,200.0,get,account-service,auth-service
1042811337,192.168.247.10,10.111.44.58,58892.0,5000.0,2780,1711,GET /uaa/users/current,>uaa>users>current,5000.0,200.0,get,account-service,auth-service
1042811342,192.168.247.10,192.168.247.8,58894.0,5000.0,2697,1711,GET /uaa/users/current,>uaa>users>current,5000.0,200.0,get,account-service,auth-service
1042811342,192.168.247.10,10.111.44.58,58894.0,5000.0,2717,1711,GET /uaa/users/current,>uaa>users>current,5000.0,200.0,get,account-service,auth-service
1042811359,192.168.247.10,192.168.247.8,58898.0,5000.0,3684,1711,GET /uaa/users/current,>uaa>users>current,5000.0,200.0,get,account-service,auth-service
1042811359,192.168.247.10,10.111.44.58,58898.0,5000.0,3721,1711,GET /uaa/users/current,>uaa>users>current,5000.0,200.0,get,account-service,auth-service
1042811370,192.168.247.10,10.111.44.58,38564.0,5000.0,2972,1711,GET /uaa/users/current,>uaa>users>current,5000.0,200.0,get,account-service,auth-service
1042811370,192.168.247.10,192.168.247.8,38564.0,5000.0,2941,1711,GET /uaa/users/current,>uaa>users>current,5000.0,200.0,get,account-service,auth-service
1042811547,192.168.247.10,192.168.247.8,33466.0,5000.0,2367,1711,GET /uaa/users/current,>uaa>users>current,5000.0,200.0,get,account-service,auth-service
1042811547,192.168.247.10,10.111.44.58,33466.0,5000.0,2387,1711,GET /uaa/users/current,>uaa>users>current,5000.0,200.0,get,account-service,auth-service
1042811547,192.168.247.10,192.168.247.8,34332.0,5000.0,90381,675,POST /uaa/users,>uaa>users,5000.0,200.0,post,account-service,auth-service
1042811574,192.168.247.10,192.168.247.8,59022.0,5000.0,2512,1711,GET /uaa/users/current,>uaa>users>current,5000.0,200.0,get,account-service,auth-service
1042811574,192.168.247.10,10.111.44.58,59022.0,5000.0,2554,1711,GET /uaa/users/current,>uaa>users>current,5000.0,200.0,get,account-service,auth-service
1042811585,192.168.247.10,192.168.247.8,36690.0,5000.0,3682,1711,GET /uaa/users/current,>uaa>users>current,5000.0,200.0,get,account-service,auth-service
1042811585,192.168.247.10,10.111.44.58,36690.0,5000.0,3724,1711,GET /uaa/users/current,>uaa>users>current,5000.0,200.0,get,account-service,auth-service
1042811616,192.168.247.10,192.168.247.8,53410.0,5000.0,12645,1711,GET /uaa/users/current,>uaa>users>current,5000.0,200.0,get,account-service,auth-service
1042811616,192.168.247.10,10.111.44.58,53410.0,5000.0,12828,1711,GET /uaa/users/current,>uaa>users>current,5000.0,200.0,get,account-service,auth-service
1042811820,192.168.247.10,10.111.44.58,56828.0,5000.0,2731,1711,GET /uaa/users/current,>uaa>users>current,5000.0,200.0,get,account-service,auth-service
1042811820,192.168.247.10,192.168.247.8,56828.0,5000.0,2705,1711,GET /uaa/users/current,>uaa>users>current,5000.0,200.0,get,account-service,auth-service
1042812060,192.168.247.10,192.168.247.8,46114.0,5000.0,2713,1711,GET /uaa/users/current,>uaa>users>current,5000.0,200.0,get,account-service,auth-service
1042812060,192.168.247.10,10.111.44.58,46114.0,5000.0,2739,1711,GET /uaa/users/current,>uaa>users>current,5000.0,200.0,get,account-service,auth-service
1042812074,192.168.247.10,192.168.247.8,58360.0,5000.0,3077,1711,GET /uaa/users/current,>uaa>users>current,5000.0,200.0,get,account-service,auth-service
1042812074,192.168.247.10,10.111.44.58,58360.0,5000.0,3099,1711,GET /uaa/users/current,>uaa>users>current,5000.0,200.0,get,account-service,auth-service
1042812083,192.168.247.10,192.168.247.8,59678.0,5000.0,2492,1711,GET /uaa/users/current,>uaa>users>current,5000.0,200.0,get,account-service,auth-service
1042812083,192.168.247.10,10.111.44.58,59678.0,5000.0,2513,1711,GET /uaa/users/current,>uaa>users>current,5000.0,200.0,get,account-service,auth-service
1042812371,192.168.247.10,192.168.247.8,49838.0,5000.0,8457,1711,GET /uaa/users/current,>uaa>users>current,5000.0,200.0,get,account-service,auth-service
1042812371,192.168.247.10,10.111.44.58,49838.0,5000.0,8539,1711,GET /uaa/users/current,>uaa>users>current,5000.0,200.0,get,account-service,auth-service
1042812390,192.168.247.10,192.168.247.8,42334.0,5000.0,4058,1711,GET /uaa/users/current,>uaa>users>current,5000.0,200.0,get,account-service,auth-service
1042812390,192.168.247.10,10.111.44.58,42334.0,5000.0,4084,1711,GET /uaa/users/current,>uaa>users>current,5000.0,200.0,get,account-service,auth-service
1042812402,192.168.247.10,10.111.44.58,57096.0,5000.0,2521,1711,GET /uaa/users/current,>uaa>users>current,5000.0,200.0,get,account-service,auth-service
1042812402,192.168.247.10,192.168.247.8,57096.0,5000.0,2496,1711,GET /uaa/users/current,>uaa>users>current,5000.0,200.0,get,account-service,auth-service
1042812489,192.168.247.10,10.111.44.58,32850.0,5000.0,2239,1711,GET /uaa/users/current,>uaa>users>current,5000.0,200.0,get,account-service,auth-service
1042812489,192.168.247.10,192.168.247.8,32850.0,5000.0,2214,1711,GET /uaa/users/current,>uaa>users>current,5000.0,200.0,get,account-service,auth-service
1042814411,192.168.247.10,10.111.44.58,39338.0,5000.0,3966,1711,GET /uaa/users/current,>uaa>users>current,5000.0,200.0,get,account-service,auth-service
1042814411,192.168.247.10,192.168.247.8,39338.0,5000.0,3936,1711,GET /uaa/users/current,>uaa>users>current,5000.0,200.0,get,account-service,auth-service
1042814572,192.168.247.10,192.168.247.8,51502.0,5000.0,4237,1711,GET /uaa/users/current,>uaa>users>current,5000.0,200.0,get,account-service,auth-service
1042814572,192.168.247.10,10.111.44.58,51502.0,5000.0,4281,1711,GET /uaa/users/current,>uaa>users>current,5000.0,200.0,get,account-service,auth-service
1042814581,192.168.247.10,10.111.44.58,32844.0,5000.0,2104,1711,GET /uaa/users/current,>uaa>users>current,5000.0,200.0,get,account-service,auth-service
1042814581,192.168.247.10,192.168.247.8,32844.0,5000.0,2079,1711,GET /uaa/users/current,>uaa>users>current,5000.0,200.0,get,account-service,auth-service
1042814591,192.168.247.10,192.168.247.8,51816.0,5000.0,2894,1711,GET /uaa/users/current,>uaa>users>current,5000.0,200.0,get,account-service,auth-service
1042814591,192.168.247.10,10.111.44.58,51816.0,5000.0,2926,1711,GET /uaa/users/current,>uaa>users>current,5000.0,200.0,get,account-service,auth-service
1042814607,192.168.247.10,192.168.247.8,40108.0,5000.0,2169,1711,GET /uaa/users/current,>uaa>users>current,5000.0,200.0,get,account-service,auth-service
1042814607,192.168.247.10,10.111.44.58,40108.0,5000.0,2196,1711,GET /uaa/users/current,>uaa>users>current,5000.0,200.0,get,account-service,auth-service
1042814613,192.168.247.10,10.111.44.58,40110.0,5000.0,2107,1711,GET /uaa/users/current,>uaa>users>current,5000.0,200.0,get,account-service,auth-service
1042814613,192.168.247.10,192.168.247.8,40110.0,5000.0,2081,1711,GET /uaa/users/current,>uaa>users>current,5000.0,200.0,get,account-service,auth-service
1042814653,192.168.247.10,192.168.247.8,40288.0,5000.0,3943,1711,GET /uaa/users/current,>uaa>users>current,5000.0,200.0,get,account-service,auth-service
1042814653,192.168.247.10,10.111.44.58,40288.0,5000.0,3976,1711,GET /uaa/users/current,>uaa>users>current,5000.0,200.0,get,account-service,auth-service
1042814663,192.168.247.10,10.111.44.58,48628.0,5000.0,6509,1711,GET /uaa/users/current,>uaa>users>current,5000.0,200.0,get,account-service,auth-service
1042814663,192.168.247.10,192.168.247.8,48628.0,5000.0,6476,1711,GET /uaa/users/current,>uaa>users>current,5000.0,200.0,get,account-service,auth-service
1042814692,192.168.247.10,192.168.247.8,46528.0,5000.0,89547,677,POST /uaa/users,>uaa>users,5000.0,200.0,post,account-service,auth-service
1042814692,192.168.247.10,192.168.247.8,53156.0,5000.0,3223,1717,GET /uaa/users/current,>uaa>users>current,5000.0,200.0,get,account-service,auth-service
1042814692,192.168.247.10,10.111.44.58,53156.0,5000.0,3250,1717,GET /uaa/users/current,>uaa>users>current,5000.0,200.0,get,account-service,auth-service
1042814714,192.168.247.10,192.168.247.8,37202.0,5000.0,2217,1717,GET /uaa/users/current,>uaa>users>current,5000.0,200.0,get,account-service,auth-service
1042814714,192.168.247.10,10.111.44.58,37202.0,5000.0,2243,1717,GET /uaa/users/current,>uaa>users>current,5000.0,200.0,get,account-service,auth-service
1042814725,192.168.247.10,10.111.44.58,45022.0,5000.0,3188,1717,GET /uaa/users/current,>uaa>users>current,5000.0,200.0,get,account-service,auth-service
1042814725,192.168.247.10,192.168.247.8,45022.0,5000.0,3152,1717,GET /uaa/users/current,>uaa>users>current,5000.0,200.0,get,account-service,auth-service
1042814735,192.168.247.10,10.111.44.58,49152.0,5000.0,1900,1717,GET /uaa/users/current,>uaa>users>current,5000.0,200.0,get,account-service,auth-service
1042814735,192.168.247.10,192.168.247.8,49152.0,5000.0,1879,1717,GET /uaa/users/current,>uaa>users>current,5000.0,200.0,get,account-service,auth-service
1042814746,192.168.247.10,192.168.247.8,44790.0,5000.0,2692,1717,GET /uaa/users/current,>uaa>users>current,5000.0,200.0,get,account-service,auth-service
1042814746,192.168.247.10,10.111.44.58,44790.0,5000.0,2725,1717,GET /uaa/users/current,>uaa>users>current,5000.0,200.0,get,account-service,auth-service
1042814754,192.168.247.10,192.168.247.8,44792.0,5000.0,3184,1717,GET /uaa/users/current,>uaa>users>current,5000.0,200.0,get,account-service,auth-service
1042814754,192.168.247.10,10.111.44.58,44792.0,5000.0,3223,1717,GET /uaa/users/current,>uaa>users>current,5000.0,200.0,get,account-service,auth-service
1042814765,192.168.247.10,192.168.247.8,46406.0,5000.0,7334,1717,GET /uaa/users/current,>uaa>users>current,5000.0,200.0,get,account-service,auth-service
1042814765,192.168.247.10,10.111.44.58,46406.0,5000.0,7369,1717,GET /uaa/users/current,>uaa>users>current,5000.0,200.0,get,account-service,auth-service
1042814777,192.168.247.10,10.111.44.58,53214.0,5000.0,2096,1717,GET /uaa/users/current,>uaa>users>current,5000.0,200.0,get,account-service,auth-service
1042814777,192.168.247.10,192.168.247.8,53214.0,5000.0,2068,1717,GET /uaa/users/current,>uaa>users>current,5000.0,200.0,get,account-service,auth-service
1042814792,192.168.247.10,10.111.44.58,34528.0,5000.0,2811,1717,GET /uaa/users/current,>uaa>users>current,5000.0,200.0,get,account-service,auth-service
1042814792,192.168.247.10,192.168.247.8,34528.0,5000.0,2783,1717,GET /uaa/users/current,>uaa>users>current,5000.0,200.0,get,account-service,auth-service
1042814974,192.168.247.10,10.111.44.58,60592.0,5000.0,4382,1711,GET /uaa/users/current,>uaa>users>current,5000.0,200.0,get,account-service,auth-service
1042814974,192.168.247.10,192.168.247.8,60592.0,5000.0,4346,1711,GET /uaa/users/current,>uaa>users>current,5000.0,200.0,get,account-service,auth-service
1042815201,192.168.247.10,10.111.44.58,33202.0,5000.0,3437,1717,GET /uaa/users/current,>uaa>users>current,5000.0,200.0,get,account-service,auth-service
1042815201,192.168.247.10,192.168.247.8,33202.0,5000.0,3408,1717,GET /uaa/users/current,>uaa>users>current,5000.0,200.0,get,account-service,auth-service
1042815212,192.168.247.10,192.168.247.8,34590.0,5000.0,2490,1717,GET /uaa/users/current,>uaa>users>current,5000.0,200.0,get,account-service,auth-service
1042815212,192.168.247.10,10.111.44.58,34590.0,5000.0,2521,1717,GET /uaa/users/current,>uaa>users>current,5000.0,200.0,get,account-service,auth-service
1042815575,192.168.247.10,192.168.247.8,59712.0,5000.0,1960,1717,GET /uaa/users/current,>uaa>users>current,5000.0,200.0,get,account-service,auth-service
1042815575,192.168.247.10,10.111.44.58,59712.0,5000.0,1989,1717,GET /uaa/users/current,>uaa>users>current,5000.0,200.0,get,account-service,auth-service
1042816350,192.168.247.10,10.111.44.58,39422.0,5000.0,7255,1717,GET /uaa/users/current,>uaa>users>current,5000.0,200.0,get,account-service,auth-service
1042816350,192.168.247.10,192.168.247.8,39422.0,5000.0,7223,1717,GET /uaa/users/current,>uaa>users>current,5000.0,200.0,get,account-service,auth-service
1042816358,192.168.247.10,192.168.247.8,34612.0,5000.0,1908,1717,GET /uaa/users/current,>uaa>users>current,5000.0,200.0,get,account-service,auth-service
1042816358,192.168.247.10,10.111.44.58,34612.0,5000.0,1935,1717,GET /uaa/users/current,>uaa>users>current,5000.0,200.0,get,account-service,auth-service
1042816365,192.168.247.10,10.111.44.58,41730.0,5000.0,2499,1717,GET /uaa/users/current,>uaa>users>current,5000.0,200.0,get,account-service,auth-service
1042816365,192.168.247.10,192.168.247.8,41730.0,5000.0,2468,1717,GET /uaa/users/current,>uaa>users>current,5000.0,200.0,get,account-service,auth-service
1042816393,192.168.247.10,192.168.247.8,42156.0,5000.0,1801,1717,GET /uaa/users/current,>uaa>users>current,5000.0,200.0,get,account-service,auth-service
1042816393,192.168.247.10,10.111.44.58,42156.0,5000.0,1830,1717,GET /uaa/users/current,>uaa>users>current,5000.0,200.0,get,account-service,auth-service
1042816393,192.168.247.10,192.168.247.8,43848.0,5000.0,87076,677,POST /uaa/users,>uaa>users,5000.0,200.0,post,account-service,auth-service
1042816413,192.168.247.10,192.168.247.8,48858.0,5000.0,3430,1717,GET /uaa/users/current,>uaa>users>current,5000.0,200.0,get,account-service,auth-service
1042816413,192.168.247.10,10.111.44.58,48858.0,5000.0,3462,1717,GET /uaa/users/current,>uaa>users>current,5000.0,200.0,get,account-service,auth-service
1042816423,192.168.247.10,10.111.44.58,50454.0,5000.0,2539,1717,GET /uaa/users/current,>uaa>users>current,5000.0,200.0,get,account-service,auth-service
1042816423,192.168.247.10,192.168.247.8,50454.0,5000.0,2509,1717,GET /uaa/users/current,>uaa>users>current,5000.0,200.0,get,account-service,auth-service
1042816428,192.168.247.10,192.168.247.8,50454.0,5000.0,3101,1717,GET /uaa/users/current,>uaa>users>current,5000.0,200.0,get,account-service,auth-service
1042816428,192.168.247.10,10.111.44.58,50454.0,5000.0,3151,1717,GET /uaa/users/current,>uaa>users>current,5000.0,200.0,get,account-service,auth-service
1042816440,192.168.247.10,192.168.247.8,43498.0,5000.0,2643,1717,GET /uaa/users/current,>uaa>users>current,5000.0,200.0,get,account-service,auth-service
1042816440,192.168.247.10,10.111.44.58,43498.0,5000.0,2682,1717,GET /uaa/users/current,>uaa>users>current,5000.0,200.0,get,account-service,auth-service
1042816628,192.168.247.10,10.111.44.58,60234.0,5000.0,7453,1717,GET /uaa/users/current,>uaa>users>current,5000.0,200.0,get,account-service,auth-service
1042816628,192.168.247.10,192.168.247.8,60234.0,5000.0,7367,1717,GET /uaa/users/current,>uaa>users>current,5000.0,200.0,get,account-service,auth-service
1042816641,192.168.247.10,192.168.247.8,39234.0,5000.0,2110,1717,GET /uaa/users/current,>uaa>users>current,5000.0,200.0,get,account-service,auth-service
1042816641,192.168.247.10,10.111.44.58,39234.0,5000.0,2141,1717,GET /uaa/users/current,>uaa>users>current,5000.0,200.0,get,account-service,auth-service
1042816662,192.168.247.10,192.168.247.8,57476.0,5000.0,5397,1717,GET /uaa/users/current,>uaa>users>current,5000.0,200.0,get,account-service,auth-service
1042816662,192.168.247.10,10.111.44.58,57476.0,5000.0,5429,1717,GET /uaa/users/current,>uaa>users>current,5000.0,200.0,get,account-service,auth-service
1042816906,192.168.247.10,10.111.44.58,42012.0,5000.0,3809,1717,GET /uaa/users/current,>uaa>users>current,5000.0,200.0,get,account-service,auth-service
1042816906,192.168.247.10,192.168.247.8,42012.0,5000.0,3770,1717,GET /uaa/users/current,>uaa>users>current,5000.0,200.0,get,account-service,auth-service
1042816932,192.168.247.10,10.111.44.58,51864.0,5000.0,4345,1717,GET /uaa/users/current,>uaa>users>current,5000.0,200.0,get,account-service,auth-service
1042816932,192.168.247.10,192.168.247.8,51864.0,5000.0,4300,1717,GET /uaa/users/current,>uaa>users>current,5000.0,200.0,get,account-service,auth-service
1042816939,192.168.247.10,10.111.44.58,59624.0,5000.0,2897,1717,GET /uaa/users/current,>uaa>users>current,5000.0,200.0,get,account-service,auth-service
1042816939,192.168.247.10,192.168.247.8,59624.0,5000.0,2864,1717,GET /uaa/users/current,>uaa>users>current,5000.0,200.0,get,account-service,auth-service
1042816965,192.168.247.10,192.168.247.8,35516.0,5000.0,1916,1717,GET /uaa/users/current,>uaa>users>current,5000.0,200.0,get,account-service,auth-service
1042816965,192.168.247.10,10.111.44.58,35516.0,5000.0,1942,1717,GET /uaa/users/current,>uaa>users>current,5000.0,200.0,get,account-service,auth-service
1042816979,192.168.247.10,192.168.247.8,40624.0,5000.0,2361,1717,GET /uaa/users/current,>uaa>users>current,5000.0,200.0,get,account-service,auth-service
1042816979,192.168.247.10,10.111.44.58,40624.0,5000.0,2402,1717,GET /uaa/users/current,>uaa>users>current,5000.0,200.0,get,account-service,auth-service
1042817006,192.168.247.10,192.168.247.8,47066.0,5000.0,2691,1717,GET /uaa/users/current,>uaa>users>current,5000.0,200.0,get,account-service,auth-service
1042817006,192.168.247.10,10.111.44.58,47066.0,5000.0,2728,1717,GET /uaa/users/current,>uaa>users>current,5000.0,200.0,get,account-service,auth-service
1042817017,192.168.247.10,10.111.44.58,45846.0,5000.0,1936,1717,GET /uaa/users/current,>uaa>users>current,5000.0,200.0,get,account-service,auth-service
1042817017,192.168.247.10,192.168.247.8,45846.0,5000.0,1911,1717,GET /uaa/users/current,>uaa>users>current,5000.0,200.0,get,account-service,auth-service
1042817273,192.168.247.10,10.111.44.58,42548.0,5000.0,2199,1717,GET /uaa/users/current,>uaa>users>current,5000.0,200.0,get,account-service,auth-service
1042817273,192.168.247.10,192.168.247.8,42548.0,5000.0,2169,1717,GET /uaa/users/current,>uaa>users>current,5000.0,200.0,get,account-service,auth-service
1042817280,192.168.247.10,192.168.247.8,43280.0,5000.0,2734,1717,GET /uaa/users/current,>uaa>users>current,5000.0,200.0,get,account-service,auth-service
1042817280,192.168.247.10,10.111.44.58,43280.0,5000.0,2764,1717,GET /uaa/users/current,>uaa>users>current,5000.0,200.0,get,account-service,auth-service
1042817281,192.168.247.10,192.168.247.8,43280.0,5000.0,10286,1717,GET /uaa/users/current,>uaa>users>current,5000.0,200.0,get,account-service,auth-service
1042817281,192.168.247.10,10.111.44.58,43280.0,5000.0,10322,1717,GET /uaa/users/current,>uaa>users>current,5000.0,200.0,get,account-service,auth-service
1042817308,192.168.247.10,192.168.247.8,42720.0,5000.0,77524,671,POST /uaa/users,>uaa>users,5000.0,200.0,post,account-service,auth-service
1042817308,192.168.247.10,192.168.247.8,38998.0,5000.0,1872,1693,GET /uaa/users/current,>uaa>users>current,5000.0,200.0,get,account-service,auth-service
1042817308,192.168.247.10,10.111.44.58,38998.0,5000.0,1897,1693,GET /uaa/users/current,>uaa>users>current,5000.0,200.0,get,account-service,auth-service
1042817331,192.168.247.10,10.111.44.58,45314.0,5000.0,2678,1693,GET /uaa/users/current,>uaa>users>current,5000.0,200.0,get,account-service,auth-service
1042817331,192.168.247.10,192.168.247.8,45314.0,5000.0,2638,1693,GET /uaa/users/current,>uaa>users>current,5000.0,200.0,get,account-service,auth-service
1042817341,192.168.247.10,192.168.247.8,44372.0,5000.0,2177,1693,GET /uaa/users/current,>uaa>users>current,5000.0,200.0,get,account-service,auth-service
1042817341,192.168.247.10,10.111.44.58,44372.0,5000.0,2201,1693,GET /uaa/users/current,>uaa>users>current,5000.0,200.0,get,account-service,auth-service
1042817463,192.168.247.10,10.111.44.58,40516.0,5000.0,2391,1693,GET /uaa/users/current,>uaa>users>current,5000.0,200.0,get,account-service,auth-service
1042817463,192.168.247.10,192.168.247.8,40516.0,5000.0,2361,1693,GET /uaa/users/current,>uaa>users>current,5000.0,200.0,get,account-service,auth-service
1042817471,192.168.247.10,192.168.247.8,54974.0,5000.0,3188,1693,GET /uaa/users/current,>uaa>users>current,5000.0,200.0,get,account-service,auth-service
1042817471,192.168.247.10,10.111.44.58,54974.0,5000.0,3226,1693,GET /uaa/users/current,>uaa>users>current,5000.0,200.0,get,account-service,auth-service
1042817484,192.168.247.10,192.168.247.8,46436.0,5000.0,116025,676,POST /uaa/users,>uaa>users,5000.0,200.0,post,account-service,auth-service
1042817485,192.168.247.10,192.168.247.8,58896.0,5000.0,1894,1723,GET /uaa/users/current,>uaa>users>current,5000.0,200.0,get,account-service,auth-service
1042817485,192.168.247.10,10.111.44.58,58896.0,5000.0,1921,1723,GET /uaa/users/current,>uaa>users>current,5000.0,200.0,get,account-service,auth-service
1042817509,192.168.247.10,192.168.247.8,50400.0,5000.0,1708,1723,GET /uaa/users/current,>uaa>users>current,5000.0,200.0,get,account-service,auth-service
1042817509,192.168.247.10,10.111.44.58,50400.0,5000.0,1729,1723,GET /uaa/users/current,>uaa>users>current,5000.0,200.0,get,account-service,auth-service
1042817518,192.168.247.10,10.111.44.58,42934.0,5000.0,8156,1723,GET /uaa/users/current,>uaa>users>current,5000.0,200.0,get,account-service,auth-service
1042817518,192.168.247.10,192.168.247.8,42934.0,5000.0,7988,1723,GET /uaa/users/current,>uaa>users>current,5000.0,200.0,get,account-service,auth-service
1042817596,192.168.247.10,192.168.247.8,34828.0,5000.0,2706,1723,GET /uaa/users/current,>uaa>users>current,5000.0,200.0,get,account-service,auth-service
1042817596,192.168.247.10,10.111.44.58,34828.0,5000.0,2739,1723,GET /uaa/users/current,>uaa>users>current,5000.0,200.0,get,account-service,auth-service
1042817970,192.168.247.10,10.111.44.58,47684.0,5000.0,2025,1723,GET /uaa/users/current,>uaa>users>current,5000.0,200.0,get,account-service,auth-service
1042817970,192.168.247.10,192.168.247.8,47684.0,5000.0,2000,1723,GET /uaa/users/current,>uaa>users>current,5000.0,200.0,get,account-service,auth-service
1042817991,192.168.247.10,10.111.44.58,39618.0,5000.0,2098,1723,GET /uaa/users/current,>uaa>users>current,5000.0,200.0,get,account-service,auth-service
1042817991,192.168.247.10,192.168.247.8,39618.0,5000.0,2069,1723,GET /uaa/users/current,>uaa>users>current,5000.0,200.0,get,account-service,auth-service
1042818010,192.168.247.10,192.168.247.8,58700.0,5000.0,1897,1723,GET /uaa/users/current,>uaa>users>current,5000.0,200.0,get,account-service,auth-service
1042818010,192.168.247.10,10.111.44.58,58700.0,5000.0,1921,1723,GET /uaa/users/current,>uaa>users>current,5000.0,200.0,get,account-service,auth-service
1042818028,192.168.247.10,10.111.44.58,52688.0,5000.0,1907,1711,GET /uaa/users/current,>uaa>users>current,5000.0,200.0,get,account-service,auth-service
1042818028,192.168.247.10,192.168.247.8,52688.0,5000.0,1878,1711,GET /uaa/users/current,>uaa>users>current,5000.0,200.0,get,account-service,auth-service
1042818151,192.168.247.10,192.168.247.8,36156.0,5000.0,1997,1723,GET /uaa/users/current,>uaa>users>current,5000.0,200.0,get,account-service,auth-service
1042818151,192.168.247.10,10.111.44.58,36156.0,5000.0,2031,1723,GET /uaa/users/current,>uaa>users>current,5000.0,200.0,get,account-service,auth-service
1042818161,192.168.247.10,192.168.247.8,36962.0,5000.0,3658,1723,GET /uaa/users/current,>uaa>users>current,5000.0,200.0,get,account-service,auth-service
1042818161,192.168.247.10,10.111.44.58,36962.0,5000.0,3700,1723,GET /uaa/users/current,>uaa>users>current,5000.0,200.0,get,account-service,auth-service
1042818230,192.168.247.10,192.168.247.8,54936.0,5000.0,3500,1723,GET /uaa/users/current,>uaa>users>current,5000.0,200.0,get,account-service,auth-service
1042818230,192.168.247.10,10.111.44.58,54936.0,5000.0,3537,1723,GET /uaa/users/current,>uaa>users>current,5000.0,200.0,get,account-service,auth-service
1042818326,192.168.247.10,192.168.247.8,48334.0,5000.0,86595,673,POST /uaa/users,>uaa>users,5000.0,200.0,post,account-service,auth-service
1042818327,192.168.247.10,10.111.44.58,33630.0,5000.0,2264,1711,GET /uaa/users/current,>uaa>users>current,5000.0,200.0,get,account-service,auth-service
1042818327,192.168.247.10,192.168.247.8,33630.0,5000.0,2238,1711,GET /uaa/users/current,>uaa>users>current,5000.0,200.0,get,account-service,auth-service
1042818358,192.168.247.10,192.168.247.8,46908.0,5000.0,1931,1711,GET /uaa/users/current,>uaa>users>current,5000.0,200.0,get,account-service,auth-service
1042818358,192.168.247.10,10.111.44.58,46908.0,5000.0,1959,1711,GET /uaa/users/current,>uaa>users>current,5000.0,200.0,get,account-service,auth-service
1042818382,192.168.247.10,192.168.247.8,45016.0,5000.0,2036,1711,GET /uaa/users/current,>uaa>users>current,5000.0,200.0,get,account-service,auth-service
1042818382,192.168.247.10,10.111.44.58,45016.0,5000.0,2064,1711,GET /uaa/users/current,>uaa>users>current,5000.0,200.0,get,account-service,auth-service
1042818489,192.168.247.10,10.111.44.58,34384.0,5000.0,1937,1711,GET /uaa/users/current,>uaa>users>current,5000.0,200.0,get,account-service,auth-service
1042818489,192.168.247.10,10.111.44.58,34384.0,5000.0,1892,1711,GET /uaa/users/current,>uaa>users>current,5000.0,200.0,get,account-service,auth-service
1042818489,192.168.247.10,192.168.247.8,34384.0,5000.0,1848,1711,GET /uaa/users/current,>uaa>users>current,5000.0,200.0,get,account-service,auth-service
1042818489,192.168.247.10,192.168.247.8,34384.0,5000.0,1911,1711,GET /uaa/users/current,>uaa>users>current,5000.0,200.0,get,account-service,auth-service
1042818500,192.168.247.10,10.111.44.58,46530.0,5000.0,2004,1711,GET /uaa/users/current,>uaa>users>current,5000.0,200.0,get,account-service,auth-service
1042818500,192.168.247.10,192.168.247.8,46530.0,5000.0,1949,1711,GET /uaa/users/current,>uaa>users>current,5000.0,200.0,get,account-service,auth-service
1042818500,192.168.247.10,10.111.44.58,46530.0,5000.0,2972,1711,GET /uaa/users/current,>uaa>users>current,5000.0,200.0,get,account-service,auth-service
1042818500,192.168.247.10,192.168.247.8,46530.0,5000.0,2941,1711,GET /uaa/users/current,>uaa>users>current,5000.0,200.0,get,account-service,auth-service
1042818503,192.168.247.10,10.111.44.58,46530.0,5000.0,2472,1711,GET /uaa/users/current,>uaa>users>current,5000.0,200.0,get,account-service,auth-service
1042818503,192.168.247.10,192.168.247.8,46530.0,5000.0,2413,1711,GET /uaa/users/current,>uaa>users>current,5000.0,200.0,get,account-service,auth-service
1042818503,192.168.247.10,10.111.44.58,46530.0,5000.0,2167,1711,GET /uaa/users/current,>uaa>users>current,5000.0,200.0,get,account-service,auth-service
1042818503,192.168.247.10,192.168.247.8,46530.0,5000.0,2109,1711,GET /uaa/users/current,>uaa>users>current,5000.0,200.0,get,account-service,auth-service
1042818594,192.168.247.10,10.111.44.58,52656.0,5000.0,2036,1711,GET /uaa/users/current,>uaa>users>current,5000.0,200.0,get,account-service,auth-service
1042818594,192.168.247.10,192.168.247.8,52656.0,5000.0,2007,1711,GET /uaa/users/current,>uaa>users>current,5000.0,200.0,get,account-service,auth-service
1042818594,192.168.247.10,10.111.44.58,52656.0,5000.0,2923,1711,GET /uaa/users/current,>uaa>users>current,5000.0,200.0,get,account-service,auth-service
1042818594,192.168.247.10,192.168.247.8,52656.0,5000.0,2887,1711,GET /uaa/users/current,>uaa>users>current,5000.0,200.0,get,account-service,auth-service
1042818610,192.168.247.10,192.168.247.8,38818.0,5000.0,2205,1711,GET /uaa/users/current,>uaa>users>current,5000.0,200.0,get,account-service,auth-service
1042818610,192.168.247.10,10.111.44.58,38818.0,5000.0,2237,1711,GET /uaa/users/current,>uaa>users>current,5000.0,200.0,get,account-service,auth-service
1042818626,192.168.247.10,192.168.247.8,33170.0,5000.0,1639,1711,GET /uaa/users/current,>uaa>users>current,5000.0,200.0,get,account-service,auth-service
1042818626,192.168.247.10,10.111.44.58,33170.0,5000.0,1667,1711,GET /uaa/users/current,>uaa>users>current,5000.0,200.0,get,account-service,auth-service
1042818641,192.168.247.10,10.111.44.58,42342.0,5000.0,2992,1711,GET /uaa/users/current,>uaa>users>current,5000.0,200.0,get,account-service,auth-service
1042818641,192.168.247.10,192.168.247.8,42342.0,5000.0,2952,1711,GET /uaa/users/current,>uaa>users>current,5000.0,200.0,get,account-service,auth-service
1042818689,192.168.247.10,192.168.247.8,48314.0,5000.0,2437,1711,GET /uaa/users/current,>uaa>users>current,5000.0,200.0,get,account-service,auth-service
1042818689,192.168.247.10,10.111.44.58,48314.0,5000.0,2485,1711,GET /uaa/users/current,>uaa>users>current,5000.0,200.0,get,account-service,auth-service
1042818689,192.168.247.10,192.168.247.8,48314.0,5000.0,2970,1711,GET /uaa/users/current,>uaa>users>current,5000.0,200.0,get,account-service,auth-service
1042818689,192.168.247.10,10.111.44.58,48314.0,5000.0,3004,1711,GET /uaa/users/current,>uaa>users>current,5000.0,200.0,get,account-service,auth-service
1042818699,192.168.247.10,192.168.247.8,37300.0,5000.0,4312,1711,GET /uaa/users/current,>uaa>users>current,5000.0,200.0,get,account-service,auth-service
1042818699,192.168.247.10,10.111.44.58,37300.0,5000.0,4369,1711,GET /uaa/users/current,>uaa>users>current,5000.0,200.0,get,account-service,auth-service
1042818699,192.168.247.10,192.168.247.8,37302.0,5000.0,2376,1711,GET /uaa/users/current,>uaa>users>current,5000.0,200.0,get,account-service,auth-service
1042818699,192.168.247.10,10.111.44.58,37302.0,5000.0,2406,1711,GET /uaa/users/current,>uaa>users>current,5000.0,200.0,get,account-service,auth-service
1042818709,192.168.247.10,10.111.44.58,41832.0,5000.0,1868,1711,GET /uaa/users/current,>uaa>users>current,5000.0,200.0,get,account-service,auth-service
1042818709,192.168.247.10,192.168.247.8,41832.0,5000.0,1843,1711,GET /uaa/users/current,>uaa>users>current,5000.0,200.0,get,account-service,auth-service
1042818723,192.168.247.10,10.111.44.58,47164.0,5000.0,1707,1711,GET /uaa/users/current,>uaa>users>current,5000.0,200.0,get,account-service,auth-service
1042818723,192.168.247.10,192.168.247.8,47164.0,5000.0,1688,1711,GET /uaa/users/current,>uaa>users>current,5000.0,200.0,get,account-service,auth-service
1042818730,192.168.247.10,10.111.44.58,38452.0,5000.0,2556,1711,GET /uaa/users/current,>uaa>users>current,5000.0,200.0,get,account-service,auth-service
1042818730,192.168.247.10,192.168.247.8,38452.0,5000.0,2523,1711,GET /uaa/users/current,>uaa>users>current,5000.0,200.0,get,account-service,auth-service
1042818746,192.168.247.10,10.111.44.58,55994.0,5000.0,1740,1711,GET /uaa/users/current,>uaa>users>current,5000.0,200.0,get,account-service,auth-service
1042818746,192.168.247.10,192.168.247.8,55994.0,5000.0,1712,1711,GET /uaa/users/current,>uaa>users>current,5000.0,200.0,get,account-service,auth-service
1042818751,192.168.247.10,192.168.247.8,55996.0,5000.0,6198,1711,GET /uaa/users/current,>uaa>users>current,5000.0,200.0,get,account-service,auth-service
1042818751,192.168.247.10,10.111.44.58,55996.0,5000.0,6229,1711,GET /uaa/users/current,>uaa>users>current,5000.0,200.0,get,account-service,auth-service
1042818785,192.168.247.10,192.168.247.8,45978.0,5000.0,1852,1711,GET /uaa/users/current,>uaa>users>current,5000.0,200.0,get,account-service,auth-service
1042818785,192.168.247.10,10.111.44.58,45978.0,5000.0,1877,1711,GET /uaa/users/current,>uaa>users>current,5000.0,200.0,get,account-service,auth-service
1042818809,192.168.247.10,192.168.247.8,38970.0,5000.0,2001,1711,GET /uaa/users/current,>uaa>users>current,5000.0,200.0,get,account-service,auth-service
1042818809,192.168.247.10,10.111.44.58,38970.0,5000.0,2022,1711,GET /uaa/users/current,>uaa>users>current,5000.0,200.0,get,account-service,auth-service
1042818908,192.168.247.10,192.168.247.8,59218.0,5000.0,1930,1717,GET /uaa/users/current,>uaa>users>current,5000.0,200.0,get,account-service,auth-service
1042818908,192.168.247.10,10.111.44.58,59218.0,5000.0,1958,1717,GET /uaa/users/current,>uaa>users>current,5000.0,200.0,get,account-service,auth-service
1042818924,192.168.247.10,10.111.44.58,52696.0,5000.0,2483,1717,GET /uaa/users/current,>uaa>users>current,5000.0,200.0,get,account-service,auth-service
1042818924,192.168.247.10,192.168.247.8,52696.0,5000.0,2453,1717,GET /uaa/users/current,>uaa>users>current,5000.0,200.0,get,account-service,auth-service
1042818939,192.168.247.10,192.168.247.8,56918.0,5000.0,10109,1717,GET /uaa/users/current,>uaa>users>current,5000.0,200.0,get,account-service,auth-service
1042818939,192.168.247.10,10.111.44.58,56918.0,5000.0,10139,1717,GET /uaa/users/current,>uaa>users>current,5000.0,200.0,get,account-service,auth-service
1042818972,192.168.247.10,192.168.247.8,42438.0,5000.0,4823,1717,GET /uaa/users/current,>uaa>users>current,5000.0,200.0,get,account-service,auth-service
1042818972,192.168.247.10,192.168.247.8,42438.0,5000.0,4675,1717,GET /uaa/users/current,>uaa>users>current,5000.0,200.0,get,account-service,auth-service
1042818972,192.168.247.10,10.111.44.58,42438.0,5000.0,4714,1717,GET /uaa/users/current,>uaa>users>current,5000.0,200.0,get,account-service,auth-service
1042818972,192.168.247.10,10.111.44.58,42438.0,5000.0,4867,1717,GET /uaa/users/current,>uaa>users>current,5000.0,200.0,get,account-service,auth-service
1042818985,192.168.247.10,10.111.44.58,42730.0,5000.0,1689,1711,GET /uaa/users/current,>uaa>users>current,5000.0,200.0,get,account-service,auth-service
1042818985,192.168.247.10,192.168.247.8,42730.0,5000.0,1664,1711,GET /uaa/users/current,>uaa>users>current,5000.0,200.0,get,account-service,auth-service
1042819007,192.168.247.10,10.111.44.58,33210.0,5000.0,5427,1711,GET /uaa/users/current,>uaa>users>current,5000.0,200.0,get,account-service,auth-service
1042819007,192.168.247.10,192.168.247.8,33210.0,5000.0,5384,1711,GET /uaa/users/current,>uaa>users>current,5000.0,200.0,get,account-service,auth-service
1042819011,192.168.247.10,192.168.247.8,33210.0,5000.0,1858,1711,GET /uaa/users/current,>uaa>users>current,5000.0,200.0,get,account-service,auth-service
1042819011,192.168.247.10,10.111.44.58,33210.0,5000.0,1904,1711,GET /uaa/users/current,>uaa>users>current,5000.0,200.0,get,account-service,auth-service
1042819014,192.168.247.10,10.111.44.58,33210.0,5000.0,5453,1711,GET /uaa/users/current,>uaa>users>current,5000.0,200.0,get,account-service,auth-service
1042819014,192.168.247.10,192.168.247.8,33210.0,5000.0,5351,1711,GET /uaa/users/current,>uaa>users>current,5000.0,200.0,get,account-service,auth-service
1042819017,192.168.247.10,10.111.44.58,33210.0,5000.0,3245,1711,GET /uaa/users/current,>uaa>users>current,5000.0,200.0,get,account-service,auth-service
1042819017,192.168.247.10,192.168.247.8,33210.0,5000.0,3185,1711,GET /uaa/users/current,>uaa>users>current,5000.0,200.0,get,account-service,auth-service
1042819021,192.168.247.10,10.111.44.58,33210.0,5000.0,1896,1711,GET /uaa/users/current,>uaa>users>current,5000.0,200.0,get,account-service,auth-service
1042819021,192.168.247.10,192.168.247.8,33210.0,5000.0,1844,1711,GET /uaa/users/current,>uaa>users>current,5000.0,200.0,get,account-service,auth-service
1042819027,192.168.247.10,192.168.247.8,43434.0,5000.0,3034,1711,GET /uaa/users/current,>uaa>users>current,5000.0,200.0,get,account-service,auth-service
1042819027,192.168.247.10,10.111.44.58,43434.0,5000.0,3062,1711,GET /uaa/users/current,>uaa>users>current,5000.0,200.0,get,account-service,auth-service
1042819030,192.168.247.10,192.168.247.8,43434.0,5000.0,4182,1711,GET /uaa/users/current,>uaa>users>current,5000.0,200.0,get,account-service,auth-service
1042819030,192.168.247.10,10.111.44.58,43434.0,5000.0,4227,1711,GET /uaa/users/current,>uaa>users>current,5000.0,200.0,get,account-service,auth-service
1042819034,192.168.247.10,192.168.247.8,43434.0,5000.0,3059,1711,GET /uaa/users/current,>uaa>users>current,5000.0,200.0,get,account-service,auth-service
1042819034,192.168.247.10,10.111.44.58,43434.0,5000.0,3099,1711,GET /uaa/users/current,>uaa>users>current,5000.0,200.0,get,account-service,auth-service
1042819088,192.168.247.10,10.111.44.58,39452.0,5000.0,5819,1711,GET /uaa/users/current,>uaa>users>current,5000.0,200.0,get,account-service,auth-service
1042819088,192.168.247.10,192.168.247.8,39452.0,5000.0,1779,1711,GET /uaa/users/current,>uaa>users>current,5000.0,200.0,get,account-service,auth-service
1042819088,192.168.247.10,10.111.44.58,39452.0,5000.0,1808,1711,GET /uaa/users/current,>uaa>users>current,5000.0,200.0,get,account-service,auth-service
1042819088,192.168.247.10,192.168.247.8,39452.0,5000.0,5757,1711,GET /uaa/users/current,>uaa>users>current,5000.0,200.0,get,account-service,auth-service
1042819101,192.168.247.10,192.168.247.8,41160.0,5000.0,1657,1717,GET /uaa/users/current,>uaa>users>current,5000.0,200.0,get,account-service,auth-service
1042819101,192.168.247.10,10.111.44.58,41160.0,5000.0,1680,1717,GET /uaa/users/current,>uaa>users>current,5000.0,200.0,get,account-service,auth-service
1042819115,192.168.247.10,10.111.44.58,55790.0,5000.0,3133,1711,GET /uaa/users/current,>uaa>users>current,5000.0,200.0,get,account-service,auth-service
1042819115,192.168.247.10,192.168.247.8,55790.0,5000.0,3104,1711,GET /uaa/users/current,>uaa>users>current,5000.0,200.0,get,account-service,auth-service
1042819131,192.168.247.10,10.111.44.58,46438.0,5000.0,1827,1711,GET /uaa/users/current,>uaa>users>current,5000.0,200.0,get,account-service,auth-service
1042819131,192.168.247.10,192.168.247.8,46438.0,5000.0,1798,1711,GET /uaa/users/current,>uaa>users>current,5000.0,200.0,get,account-service,auth-service
1042819143,192.168.247.10,10.111.44.58,37136.0,5000.0,1519,1711,GET /uaa/users/current,>uaa>users>current,5000.0,200.0,get,account-service,auth-service
1042819143,192.168.247.10,192.168.247.8,37136.0,5000.0,1491,1711,GET /uaa/users/current,>uaa>users>current,5000.0,200.0,get,account-service,auth-service
1042819149,192.168.247.10,10.111.44.58,44510.0,5000.0,2473,1711,GET /uaa/users/current,>uaa>users>current,5000.0,200.0,get,account-service,auth-service
1042819149,192.168.247.10,192.168.247.8,44510.0,5000.0,2450,1711,GET /uaa/users/current,>uaa>users>current,5000.0,200.0,get,account-service,auth-service
1042819163,192.168.247.10,192.168.247.8,35222.0,5000.0,2153,1711,GET /uaa/users/current,>uaa>users>current,5000.0,200.0,get,account-service,auth-service
1042819163,192.168.247.10,10.111.44.58,35222.0,5000.0,2179,1711,GET /uaa/users/current,>uaa>users>current,5000.0,200.0,get,account-service,auth-service
1042819184,192.168.247.10,10.111.44.58,36820.0,5000.0,3729,1711,GET /uaa/users/current,>uaa>users>current,5000.0,200.0,get,account-service,auth-service
1042819184,192.168.247.10,192.168.247.8,36820.0,5000.0,3674,1711,GET /uaa/users/current,>uaa>users>current,5000.0,200.0,get,account-service,auth-service
1042819188,192.168.247.10,192.168.247.8,36820.0,5000.0,9624,1711,GET /uaa/users/current,>uaa>users>current,5000.0,200.0,get,account-service,auth-service
1042819188,192.168.247.10,10.111.44.58,36820.0,5000.0,9735,1711,GET /uaa/users/current,>uaa>users>current,5000.0,200.0,get,account-service,auth-service
1042819202,192.168.247.10,192.168.247.8,41174.0,5000.0,4190,1711,GET /uaa/users/current,>uaa>users>current,5000.0,200.0,get,account-service,auth-service
1042819202,192.168.247.10,10.111.44.58,41174.0,5000.0,4238,1711,GET /uaa/users/current,>uaa>users>current,5000.0,200.0,get,account-service,auth-service
1042819212,192.168.247.10,10.111.44.58,43890.0,5000.0,5659,1711,GET /uaa/users/current,>uaa>users>current,5000.0,200.0,get,account-service,auth-service
1042819212,192.168.247.10,192.168.247.8,43890.0,5000.0,5632,1711,GET /uaa/users/current,>uaa>users>current,5000.0,200.0,get,account-service,auth-service
1042819224,192.168.247.10,192.168.247.8,33652.0,5000.0,1385,1723,GET /uaa/users/current,>uaa>users>current,5000.0,200.0,get,account-service,auth-service
1042819224,192.168.247.10,10.111.44.58,33652.0,5000.0,1405,1723,GET /uaa/users/current,>uaa>users>current,5000.0,200.0,get,account-service,auth-service
1042819242,192.168.247.10,10.111.44.58,34428.0,5000.0,1802,1723,GET /uaa/users/current,>uaa>users>current,5000.0,200.0,get,account-service,auth-service
1042819242,192.168.247.10,192.168.247.8,34428.0,5000.0,1778,1723,GET /uaa/users/current,>uaa>users>current,5000.0,200.0,get,account-service,auth-service
1042819330,192.168.247.10,192.168.247.8,56432.0,5000.0,1471,1711,GET /uaa/users/current,>uaa>users>current,5000.0,200.0,get,account-service,auth-service
1042819330,192.168.247.10,10.111.44.58,56432.0,5000.0,1495,1711,GET /uaa/users/current,>uaa>users>current,5000.0,200.0,get,account-service,auth-service
1042819336,192.168.247.10,10.111.44.58,46374.0,5000.0,1499,1711,GET /uaa/users/current,>uaa>users>current,5000.0,200.0,get,account-service,auth-service
1042819336,192.168.247.10,192.168.247.8,46374.0,5000.0,1475,1711,GET /uaa/users/current,>uaa>users>current,5000.0,200.0,get,account-service,auth-service
1042819350,192.168.247.10,192.168.247.8,58338.0,5000.0,1568,1723,GET /uaa/users/current,>uaa>users>current,5000.0,200.0,get,account-service,auth-service
1042819350,192.168.247.10,10.111.44.58,58338.0,5000.0,1596,1723,GET /uaa/users/current,>uaa>users>current,5000.0,200.0,get,account-service,auth-service
1042819361,192.168.247.10,10.111.44.58,47130.0,5000.0,2061,1723,GET /uaa/users/current,>uaa>users>current,5000.0,200.0,get,account-service,auth-service
1042819361,192.168.247.10,192.168.247.8,47130.0,5000.0,2033,1723,GET /uaa/users/current,>uaa>users>current,5000.0,200.0,get,account-service,auth-service
1042819373,192.168.247.10,192.168.247.8,37714.0,5000.0,3535,1723,GET /uaa/users/current,>uaa>users>current,5000.0,200.0,get,account-service,auth-service
1042819373,192.168.247.10,10.111.44.58,37714.0,5000.0,3581,1723,GET /uaa/users/current,>uaa>users>current,5000.0,200.0,get,account-service,auth-service
1042819396,192.168.247.10,10.111.44.58,56556.0,5000.0,2436,1723,GET /uaa/users/current,>uaa>users>current,5000.0,200.0,get,account-service,auth-service
1042819396,192.168.247.10,192.168.247.8,56556.0,5000.0,2401,1723,GET /uaa/users/current,>uaa>users>current,5000.0,200.0,get,account-service,auth-service
1042819816,192.168.247.10,10.111.44.58,46658.0,5000.0,2009,1711,GET /uaa/users/current,>uaa>users>current,5000.0,200.0,get,account-service,auth-service
1042819816,192.168.247.10,192.168.247.8,46658.0,5000.0,1982,1711,GET /uaa/users/current,>uaa>users>current,5000.0,200.0,get,account-service,auth-service
1042819839,192.168.247.10,10.111.44.58,46032.0,5000.0,2382,1711,GET /uaa/users/current,>uaa>users>current,5000.0,200.0,get,account-service,auth-service
1042819839,192.168.247.10,192.168.247.8,46032.0,5000.0,2343,1711,GET /uaa/users/current,>uaa>users>current,5000.0,200.0,get,account-service,auth-service
1042819846,192.168.247.10,10.111.44.58,56754.0,5000.0,2171,1711,GET /uaa/users/current,>uaa>users>current,5000.0,200.0,get,account-service,auth-service
1042819846,192.168.247.10,192.168.247.8,56754.0,5000.0,2135,1711,GET /uaa/users/current,>uaa>users>current,5000.0,200.0,get,account-service,auth-service
1042819857,192.168.247.10,192.168.247.8,50260.0,5000.0,3211,1711,GET /uaa/users/current,>uaa>users>current,5000.0,200.0,get,account-service,auth-service
1042819857,192.168.247.10,10.111.44.58,50260.0,5000.0,3250,1711,GET /uaa/users/current,>uaa>users>current,5000.0,200.0,get,account-service,auth-service
1042819869,192.168.247.10,192.168.247.8,50300.0,5000.0,3038,1711,GET /uaa/users/current,>uaa>users>current,5000.0,200.0,get,account-service,auth-service
1042819869,192.168.247.10,10.111.44.58,50300.0,5000.0,3084,1711,GET /uaa/users/current,>uaa>users>current,5000.0,200.0,get,account-service,auth-service
1042819883,192.168.247.10,192.168.247.8,34522.0,5000.0,2454,1711,GET /uaa/users/current,>uaa>users>current,5000.0,200.0,get,account-service,auth-service
1042819883,192.168.247.10,10.111.44.58,34522.0,5000.0,2494,1711,GET /uaa/users/current,>uaa>users>current,5000.0,200.0,get,account-service,auth-service
1042819897,192.168.247.10,192.168.247.8,60148.0,5000.0,2085,1711,GET /uaa/users/current,>uaa>users>current,5000.0,200.0,get,account-service,auth-service
1042819897,192.168.247.10,10.111.44.58,60148.0,5000.0,2114,1711,GET /uaa/users/current,>uaa>users>current,5000.0,200.0,get,account-service,auth-service
1042819910,192.168.247.10,10.111.44.58,47752.0,5000.0,3714,1711,GET /uaa/users/current,>uaa>users>current,5000.0,200.0,get,account-service,auth-service
1042819910,192.168.247.10,192.168.247.8,47752.0,5000.0,3675,1711,GET /uaa/users/current,>uaa>users>current,5000.0,200.0,get,account-service,auth-service
1042819954,192.168.247.10,192.168.247.8,38338.0,5000.0,2106,1711,GET /uaa/users/current,>uaa>users>current,5000.0,200.0,get,account-service,auth-service
1042819954,192.168.247.10,10.111.44.58,38338.0,5000.0,2163,1711,GET /uaa/users/current,>uaa>users>current,5000.0,200.0,get,account-service,auth-service
1042819958,192.168.247.10,10.111.44.58,38338.0,5000.0,1943,1711,GET /uaa/users/current,>uaa>users>current,5000.0,200.0,get,account-service,auth-service
1042819958,192.168.247.10,192.168.247.8,38338.0,5000.0,1897,1711,GET /uaa/users/current,>uaa>users>current,5000.0,200.0,get,account-service,auth-service
1042820002,192.168.247.10,192.168.247.8,36208.0,5000.0,3203,1711,GET /uaa/users/current,>uaa>users>current,5000.0,200.0,get,account-service,auth-service
1042820002,192.168.247.10,10.111.44.58,36208.0,5000.0,3241,1711,GET /uaa/users/current,>uaa>users>current,5000.0,200.0,get,account-service,auth-service
1042820004,192.168.247.10,192.168.247.8,36208.0,5000.0,3348,1711,GET /uaa/users/current,>uaa>users>current,5000.0,200.0,get,account-service,auth-service
1042820004,192.168.247.10,10.111.44.58,36208.0,5000.0,3423,1711,GET /uaa/users/current,>uaa>users>current,5000.0,200.0,get,account-service,auth-service
1042820015,192.168.247.10,192.168.247.8,52518.0,5000.0,6601,1711,GET /uaa/users/current,>uaa>users>current,5000.0,200.0,get,account-service,auth-service
1042820015,192.168.247.10,10.111.44.58,52518.0,5000.0,6631,1711,GET /uaa/users/current,>uaa>users>current,5000.0,200.0,get,account-service,auth-service
1042820020,192.168.247.10,192.168.247.8,52520.0,5000.0,2862,1711,GET /uaa/users/current,>uaa>users>current,5000.0,200.0,get,account-service,auth-service
1042820020,192.168.247.10,10.111.44.58,52520.0,5000.0,2890,1711,GET /uaa/users/current,>uaa>users>current,5000.0,200.0,get,account-service,auth-service
1042820037,192.168.247.10,192.168.247.8,46112.0,5000.0,3346,1711,GET /uaa/users/current,>uaa>users>current,5000.0,200.0,get,account-service,auth-service
1042820037,192.168.247.10,10.111.44.58,46112.0,5000.0,3395,1711,GET /uaa/users/current,>uaa>users>current,5000.0,200.0,get,account-service,auth-service
1042820085,192.168.247.10,10.111.44.58,40360.0,5000.0,1972,1711,GET /uaa/users/current,>uaa>users>current,5000.0,200.0,get,account-service,auth-service
1042820085,192.168.247.10,192.168.247.8,40360.0,5000.0,1942,1711,GET /uaa/users/current,>uaa>users>current,5000.0,200.0,get,account-service,auth-service
1042820102,192.168.247.10,10.111.44.58,41228.0,5000.0,1773,1711,GET /uaa/users/current,>uaa>users>current,5000.0,200.0,get,account-service,auth-service
1042820102,192.168.247.10,192.168.247.8,41228.0,5000.0,1748,1711,GET /uaa/users/current,>uaa>users>current,5000.0,200.0,get,account-service,auth-service
1042820118,192.168.247.10,192.168.247.8,52668.0,5000.0,2475,1711,GET /uaa/users/current,>uaa>users>current,5000.0,200.0,get,account-service,auth-service
1042820118,192.168.247.10,10.111.44.58,52668.0,5000.0,2514,1711,GET /uaa/users/current,>uaa>users>current,5000.0,200.0,get,account-service,auth-service
1042820136,192.168.247.10,10.111.44.58,37942.0,5000.0,2294,1711,GET /uaa/users/current,>uaa>users>current,5000.0,200.0,get,account-service,auth-service
1042820136,192.168.247.10,192.168.247.8,37942.0,5000.0,2257,1711,GET /uaa/users/current,>uaa>users>current,5000.0,200.0,get,account-service,auth-service
1042820147,192.168.247.10,192.168.247.8,34296.0,5000.0,2461,1711,GET /uaa/users/current,>uaa>users>current,5000.0,200.0,get,account-service,auth-service
1042820147,192.168.247.10,10.111.44.58,34296.0,5000.0,2499,1711,GET /uaa/users/current,>uaa>users>current,5000.0,200.0,get,account-service,auth-service
1042820162,192.168.247.10,192.168.247.8,54330.0,5000.0,4211,1711,GET /uaa/users/current,>uaa>users>current,5000.0,200.0,get,account-service,auth-service
1042820162,192.168.247.10,10.111.44.58,54330.0,5000.0,4309,1711,GET /uaa/users/current,>uaa>users>current,5000.0,200.0,get,account-service,auth-service
1042820203,192.168.247.10,192.168.247.8,50068.0,5000.0,1858,1711,GET /uaa/users/current,>uaa>users>current,5000.0,200.0,get,account-service,auth-service
1042820203,192.168.247.10,10.111.44.58,50068.0,5000.0,1915,1711,GET /uaa/users/current,>uaa>users>current,5000.0,200.0,get,account-service,auth-service
1042820235,192.168.247.10,192.168.247.8,36048.0,5000.0,1380,1711,GET /uaa/users/current,>uaa>users>current,5000.0,200.0,get,account-service,auth-service
1042820235,192.168.247.10,10.111.44.58,36048.0,5000.0,1408,1711,GET /uaa/users/current,>uaa>users>current,5000.0,200.0,get,account-service,auth-service
1042820257,192.168.247.10,192.168.247.8,41122.0,5000.0,2236,1723,GET /uaa/users/current,>uaa>users>current,5000.0,200.0,get,account-service,auth-service
1042820257,192.168.247.10,10.111.44.58,41122.0,5000.0,2264,1723,GET /uaa/users/current,>uaa>users>current,5000.0,200.0,get,account-service,auth-service
1042820270,192.168.247.10,192.168.247.8,47246.0,5000.0,2696,1717,GET /uaa/users/current,>uaa>users>current,5000.0,200.0,get,account-service,auth-service
1042820270,192.168.247.10,10.111.44.58,47246.0,5000.0,2734,1717,GET /uaa/users/current,>uaa>users>current,5000.0,200.0,get,account-service,auth-service
1042820282,192.168.247.10,192.168.247.8,46328.0,5000.0,1440,1711,GET /uaa/users/current,>uaa>users>current,5000.0,200.0,get,account-service,auth-service
1042820282,192.168.247.10,10.111.44.58,46328.0,5000.0,1460,1711,GET /uaa/users/current,>uaa>users>current,5000.0,200.0,get,account-service,auth-service
1042820291,192.168.247.10,10.111.44.58,57068.0,5000.0,1610,1711,GET /uaa/users/current,>uaa>users>current,5000.0,200.0,get,account-service,auth-service
1042820291,192.168.247.10,192.168.247.8,57068.0,5000.0,1580,1711,GET /uaa/users/current,>uaa>users>current,5000.0,200.0,get,account-service,auth-service
1042820386,192.168.247.10,10.111.44.58,41160.0,5000.0,1761,1711,GET /uaa/users/current,>uaa>users>current,5000.0,200.0,get,account-service,auth-service
1042820386,192.168.247.10,192.168.247.8,41160.0,5000.0,1735,1711,GET /uaa/users/current,>uaa>users>current,5000.0,200.0,get,account-service,auth-service
1042820410,192.168.247.10,192.168.247.8,38730.0,5000.0,2692,1711,GET /uaa/users/current,>uaa>users>current,5000.0,200.0,get,account-service,auth-service
1042820410,192.168.247.10,10.111.44.58,38730.0,5000.0,2733,1711,GET /uaa/users/current,>uaa>users>current,5000.0,200.0,get,account-service,auth-service
1042820429,192.168.247.10,10.111.44.58,55496.0,5000.0,7586,1711,GET /uaa/users/current,>uaa>users>current,5000.0,200.0,get,account-service,auth-service
1042820429,192.168.247.10,192.168.247.8,55496.0,5000.0,7549,1711,GET /uaa/users/current,>uaa>users>current,5000.0,200.0,get,account-service,auth-service
1042820445,192.168.247.10,10.111.44.58,58440.0,5000.0,1760,1711,GET /uaa/users/current,>uaa>users>current,5000.0,200.0,get,account-service,auth-service
1042820445,192.168.247.10,192.168.247.8,58440.0,5000.0,1730,1711,GET /uaa/users/current,>uaa>users>current,5000.0,200.0,get,account-service,auth-service
1042820460,192.168.247.10,10.111.44.58,34026.0,5000.0,2877,1711,GET /uaa/users/current,>uaa>users>current,5000.0,200.0,get,account-service,auth-service
1042820460,192.168.247.10,192.168.247.8,34026.0,5000.0,2848,1711,GET /uaa/users/current,>uaa>users>current,5000.0,200.0,get,account-service,auth-service
1042820472,192.168.247.10,192.168.247.8,51352.0,5000.0,4862,1711,GET /uaa/users/current,>uaa>users>current,5000.0,200.0,get,account-service,auth-service
1042820472,192.168.247.10,10.111.44.58,51352.0,5000.0,4895,1711,GET /uaa/users/current,>uaa>users>current,5000.0,200.0,get,account-service,auth-service
1042820484,192.168.247.10,10.111.44.58,56334.0,5000.0,6798,1711,GET /uaa/users/current,>uaa>users>current,5000.0,200.0,get,account-service,auth-service
1042820484,192.168.247.10,192.168.247.8,56334.0,5000.0,6712,1711,GET /uaa/users/current,>uaa>users>current,5000.0,200.0,get,account-service,auth-service
1042820497,192.168.247.10,192.168.247.8,47094.0,5000.0,1450,1711,GET /uaa/users/current,>uaa>users>current,5000.0,200.0,get,account-service,auth-service
1042820497,192.168.247.10,10.111.44.58,47094.0,5000.0,1479,1711,GET /uaa/users/current,>uaa>users>current,5000.0,200.0,get,account-service,auth-service
1042820510,192.168.247.10,192.168.247.8,48524.0,5000.0,2320,1711,GET /uaa/users/current,>uaa>users>current,5000.0,200.0,get,account-service,auth-service
1042820510,192.168.247.10,10.111.44.58,48524.0,5000.0,2358,1711,GET /uaa/users/current,>uaa>users>current,5000.0,200.0,get,account-service,auth-service
1042820523,192.168.247.10,192.168.247.8,58834.0,5000.0,2470,1711,GET /uaa/users/current,>uaa>users>current,5000.0,200.0,get,account-service,auth-service
1042820523,192.168.247.10,10.111.44.58,58834.0,5000.0,2504,1711,GET /uaa/users/current,>uaa>users>current,5000.0,200.0,get,account-service,auth-service
1042820557,192.168.247.10,192.168.247.8,40724.0,5000.0,1409,1711,GET /uaa/users/current,>uaa>users>current,5000.0,200.0,get,account-service,auth-service
1042820557,192.168.247.10,10.111.44.58,40724.0,5000.0,1433,1711,GET /uaa/users/current,>uaa>users>current,5000.0,200.0,get,account-service,auth-service
1042820614,192.168.247.10,10.111.44.58,51524.0,5000.0,2743,1711,GET /uaa/users/current,>uaa>users>current,5000.0,200.0,get,account-service,auth-service
1042820614,192.168.247.10,192.168.247.8,51524.0,5000.0,2700,1711,GET /uaa/users/current,>uaa>users>current,5000.0,200.0,get,account-service,auth-service
1042820623,192.168.247.10,192.168.247.8,37986.0,5000.0,1374,1711,GET /uaa/users/current,>uaa>users>current,5000.0,200.0,get,account-service,auth-service
1042820623,192.168.247.10,10.111.44.58,37986.0,5000.0,1402,1711,GET /uaa/users/current,>uaa>users>current,5000.0,200.0,get,account-service,auth-service
1042820629,192.168.247.10,192.168.247.8,55098.0,5000.0,3146,1711,GET /uaa/users/current,>uaa>users>current,5000.0,200.0,get,account-service,auth-service
1042820629,192.168.247.10,10.111.44.58,55098.0,5000.0,3188,1711,GET /uaa/users/current,>uaa>users>current,5000.0,200.0,get,account-service,auth-service
1042820637,192.168.247.10,10.111.44.58,54656.0,5000.0,1844,1711,GET /uaa/users/current,>uaa>users>current,5000.0,200.0,get,account-service,auth-service
1042820637,192.168.247.10,192.168.247.8,54656.0,5000.0,1814,1711,GET /uaa/users/current,>uaa>users>current,5000.0,200.0,get,account-service,auth-service
1042820644,192.168.247.10,10.111.44.58,52066.0,5000.0,18298,1711,GET /uaa/users/current,>uaa>users>current,5000.0,200.0,get,account-service,auth-service
1042820644,192.168.247.10,192.168.247.8,52066.0,5000.0,18281,1711,GET /uaa/users/current,>uaa>users>current,5000.0,200.0,get,account-service,auth-service
1042820662,192.168.247.10,192.168.247.8,37898.0,5000.0,1572,1711,GET /uaa/users/current,>uaa>users>current,5000.0,200.0,get,account-service,auth-service
1042820662,192.168.247.10,10.111.44.58,37898.0,5000.0,1598,1711,GET /uaa/users/current,>uaa>users>current,5000.0,200.0,get,account-service,auth-service
1042820683,192.168.247.10,192.168.247.8,38532.0,5000.0,69647,668,POST /uaa/users,>uaa>users,5000.0,200.0,post,account-service,auth-service
1042820683,192.168.247.10,192.168.247.8,48132.0,5000.0,4184,1705,GET /uaa/users/current,>uaa>users>current,5000.0,200.0,get,account-service,auth-service
1042820683,192.168.247.10,10.111.44.58,48132.0,5000.0,4214,1705,GET /uaa/users/current,>uaa>users>current,5000.0,200.0,get,account-service,auth-service
1042820712,192.168.247.10,10.111.44.58,33320.0,5000.0,2063,1705,GET /uaa/users/current,>uaa>users>current,5000.0,200.0,get,account-service,auth-service
1042820712,192.168.247.10,192.168.247.8,33320.0,5000.0,2037,1705,GET /uaa/users/current,>uaa>users>current,5000.0,200.0,get,account-service,auth-service
1042820722,192.168.247.10,192.168.247.8,49316.0,5000.0,1674,1705,GET /uaa/users/current,>uaa>users>current,5000.0,200.0,get,account-service,auth-service
1042820722,192.168.247.10,10.111.44.58,49316.0,5000.0,1698,1705,GET /uaa/users/current,>uaa>users>current,5000.0,200.0,get,account-service,auth-service
1042820738,192.168.247.10,10.111.44.58,50082.0,5000.0,1387,1705,GET /uaa/users/current,>uaa>users>current,5000.0,200.0,get,account-service,auth-service
1042820738,192.168.247.10,192.168.247.8,50082.0,5000.0,1360,1705,GET /uaa/users/current,>uaa>users>current,5000.0,200.0,get,account-service,auth-service
1042820747,192.168.247.10,10.111.44.58,45224.0,5000.0,1447,1705,GET /uaa/users/current,>uaa>users>current,5000.0,200.0,get,account-service,auth-service
1042820747,192.168.247.10,192.168.247.8,45224.0,5000.0,1424,1705,GET /uaa/users/current,>uaa>users>current,5000.0,200.0,get,account-service,auth-service
1042820756,192.168.247.10,10.111.44.58,56672.0,5000.0,1750,1705,GET /uaa/users/current,>uaa>users>current,5000.0,200.0,get,account-service,auth-service
1042820756,192.168.247.10,192.168.247.8,56672.0,5000.0,1713,1705,GET /uaa/users/current,>uaa>users>current,5000.0,200.0,get,account-service,auth-service
1042820772,192.168.247.10,192.168.247.8,33284.0,5000.0,1449,1705,GET /uaa/users/current,>uaa>users>current,5000.0,200.0,get,account-service,auth-service
1042820772,192.168.247.10,10.111.44.58,33284.0,5000.0,1473,1705,GET /uaa/users/current,>uaa>users>current,5000.0,200.0,get,account-service,auth-service
1042820791,192.168.247.10,10.111.44.58,47244.0,5000.0,1944,1705,GET /uaa/users/current,>uaa>users>current,5000.0,200.0,get,account-service,auth-service
1042820791,192.168.247.10,192.168.247.8,47244.0,5000.0,1911,1705,GET /uaa/users/current,>uaa>users>current,5000.0,200.0,get,account-service,auth-service
1042820912,192.168.247.10,10.111.44.58,52770.0,5000.0,1418,1705,GET /uaa/users/current,>uaa>users>current,5000.0,200.0,get,account-service,auth-service
1042820912,192.168.247.10,192.168.247.8,52770.0,5000.0,1401,1705,GET /uaa/users/current,>uaa>users>current,5000.0,200.0,get,account-service,auth-service
1042820926,192.168.247.10,192.168.247.8,34994.0,5000.0,1362,1705,GET /uaa/users/current,>uaa>users>current,5000.0,200.0,get,account-service,auth-service
1042820926,192.168.247.10,10.111.44.58,34994.0,5000.0,1382,1705,GET /uaa/users/current,>uaa>users>current,5000.0,200.0,get,account-service,auth-service
1042830871,192.168.247.10,10.111.44.58,36768.0,5000.0,1858,1705,GET /uaa/users/current,>uaa>users>current,5000.0,200.0,get,account-service,auth-service
1042830871,192.168.247.10,192.168.247.8,36768.0,5000.0,1831,1705,GET /uaa/users/current,>uaa>users>current,5000.0,200.0,get,account-service,auth-service
1042830931,192.168.247.10,192.168.247.8,54814.0,5000.0,1274,1705,GET /uaa/users/current,>uaa>users>current,5000.0,200.0,get,account-service,auth-service
1042830931,192.168.247.10,10.111.44.58,54814.0,5000.0,1299,1705,GET /uaa/users/current,>uaa>users>current,5000.0,200.0,get,account-service,auth-service
1042830940,192.168.247.10,192.168.247.8,52512.0,5000.0,1971,1711,GET /uaa/users/current,>uaa>users>current,5000.0,200.0,get,account-service,auth-service
1042830940,192.168.247.10,10.111.44.58,52512.0,5000.0,1994,1711,GET /uaa/users/current,>uaa>users>current,5000.0,200.0,get,account-service,auth-service
1042830945,192.168.247.10,192.168.247.8,55900.0,5000.0,2250,1711,GET /uaa/users/current,>uaa>users>current,5000.0,200.0,get,account-service,auth-service
1042830945,192.168.247.10,10.111.44.58,55900.0,5000.0,2286,1711,GET /uaa/users/current,>uaa>users>current,5000.0,200.0,get,account-service,auth-service
1042830972,192.168.247.10,10.111.44.58,48504.0,5000.0,2266,1711,GET /uaa/users/current,>uaa>users>current,5000.0,200.0,get,account-service,auth-service
1042830972,192.168.247.10,192.168.247.8,48504.0,5000.0,2231,1711,GET /uaa/users/current,>uaa>users>current,5000.0,200.0,get,account-service,auth-service
1042830994,192.168.247.10,10.111.44.58,54988.0,5000.0,1660,1711,GET /uaa/users/current,>uaa>users>current,5000.0,200.0,get,account-service,auth-service
1042830994,192.168.247.10,192.168.247.8,54988.0,5000.0,1625,1711,GET /uaa/users/current,>uaa>users>current,5000.0,200.0,get,account-service,auth-service
1042831097,192.168.247.10,10.111.44.58,39992.0,5000.0,3154,1711,GET /uaa/users/current,>uaa>users>current,5000.0,200.0,get,account-service,auth-service
1042831097,192.168.247.10,192.168.247.8,39992.0,5000.0,3119,1711,GET /uaa/users/current,>uaa>users>current,5000.0,200.0,get,account-service,auth-service
1042831110,192.168.247.10,10.111.44.58,39332.0,5000.0,3563,1711,GET /uaa/users/current,>uaa>users>current,5000.0,200.0,get,account-service,auth-service
1042831110,192.168.247.10,192.168.247.8,39332.0,5000.0,3530,1711,GET /uaa/users/current,>uaa>users>current,5000.0,200.0,get,account-service,auth-service
1042831334,192.168.247.10,10.111.44.58,35492.0,5000.0,2112,1711,GET /uaa/users/current,>uaa>users>current,5000.0,200.0,get,account-service,auth-service
1042831334,192.168.247.10,192.168.247.8,35492.0,5000.0,2082,1711,GET /uaa/users/current,>uaa>users>current,5000.0,200.0,get,account-service,auth-service
1042831338,192.168.247.10,192.168.247.8,35492.0,5000.0,1416,1711,GET /uaa/users/current,>uaa>users>current,5000.0,200.0,get,account-service,auth-service
1042831338,192.168.247.10,10.111.44.58,35492.0,5000.0,1456,1711,GET /uaa/users/current,>uaa>users>current,5000.0,200.0,get,account-service,auth-service
1042831368,192.168.247.10,10.111.44.58,60262.0,5000.0,2106,1711,GET /uaa/users/current,>uaa>users>current,5000.0,200.0,get,account-service,auth-service
1042831368,192.168.247.10,192.168.247.8,60262.0,5000.0,2051,1711,GET /uaa/users/current,>uaa>users>current,5000.0,200.0,get,account-service,auth-service
1042831640,192.168.247.10,192.168.247.8,44406.0,5000.0,1491,1711,GET /uaa/users/current,>uaa>users>current,5000.0,200.0,get,account-service,auth-service
1042831640,192.168.247.10,10.111.44.58,44406.0,5000.0,1519,1711,GET /uaa/users/current,>uaa>users>current,5000.0,200.0,get,account-service,auth-service
1042831680,192.168.247.10,10.111.44.58,58718.0,5000.0,1392,1711,GET /uaa/users/current,>uaa>users>current,5000.0,200.0,get,account-service,auth-service
1042831680,192.168.247.10,192.168.247.8,58718.0,5000.0,1367,1711,GET /uaa/users/current,>uaa>users>current,5000.0,200.0,get,account-service,auth-service
1042831689,192.168.247.10,192.168.247.8,51074.0,5000.0,1669,1711,GET /uaa/users/current,>uaa>users>current,5000.0,200.0,get,account-service,auth-service
1042831689,192.168.247.10,10.111.44.58,51074.0,5000.0,1696,1711,GET /uaa/users/current,>uaa>users>current,5000.0,200.0,get,account-service,auth-service
1042831722,192.168.247.10,192.168.247.8,46840.0,5000.0,1497,1711,GET /uaa/users/current,>uaa>users>current,5000.0,200.0,get,account-service,auth-service
1042831722,192.168.247.10,10.111.44.58,46840.0,5000.0,1519,1711,GET /uaa/users/current,>uaa>users>current,5000.0,200.0,get,account-service,auth-service
1042831732,192.168.247.10,192.168.247.8,49360.0,5000.0,5210,1711,GET /uaa/users/current,>uaa>users>current,5000.0,200.0,get,account-service,auth-service
1042831732,192.168.247.10,10.111.44.58,49360.0,5000.0,5302,1711,GET /uaa/users/current,>uaa>users>current,5000.0,200.0,get,account-service,auth-service
1042831736,192.168.247.10,10.111.44.58,49360.0,5000.0,2100,1711,GET /uaa/users/current,>uaa>users>current,5000.0,200.0,get,account-service,auth-service
1042831736,192.168.247.10,192.168.247.8,49360.0,5000.0,2043,1711,GET /uaa/users/current,>uaa>users>current,5000.0,200.0,get,account-service,auth-service
1042832155,192.168.247.10,10.111.44.58,49032.0,5000.0,2126,1711,GET /uaa/users/current,>uaa>users>current,5000.0,200.0,get,account-service,auth-service
1042832155,192.168.247.10,192.168.247.8,49032.0,5000.0,2087,1711,GET /uaa/users/current,>uaa>users>current,5000.0,200.0,get,account-service,auth-service
1042832268,192.168.247.10,10.111.44.58,35580.0,5000.0,1343,1711,GET /uaa/users/current,>uaa>users>current,5000.0,200.0,get,account-service,auth-service
1042832268,192.168.247.10,192.168.247.8,35580.0,5000.0,1317,1711,GET /uaa/users/current,>uaa>users>current,5000.0,200.0,get,account-service,auth-service
1042832282,192.168.247.10,192.168.247.8,39808.0,5000.0,1730,1711,GET /uaa/users/current,>uaa>users>current,5000.0,200.0,get,account-service,auth-service
1042832282,192.168.247.10,10.111.44.58,39808.0,5000.0,1778,1711,GET /uaa/users/current,>uaa>users>current,5000.0,200.0,get,account-service,auth-service
1042832288,192.168.247.10,192.168.247.8,54204.0,5000.0,1829,1711,GET /uaa/users/current,>uaa>users>current,5000.0,200.0,get,account-service,auth-service
1042832288,192.168.247.10,10.111.44.58,54204.0,5000.0,1866,1711,GET /uaa/users/current,>uaa>users>current,5000.0,200.0,get,account-service,auth-service
1042832296,192.168.247.10,192.168.247.8,49460.0,5000.0,2031,1711,GET /uaa/users/current,>uaa>users>current,5000.0,200.0,get,account-service,auth-service
1042832296,192.168.247.10,10.111.44.58,49460.0,5000.0,2074,1711,GET /uaa/users/current,>uaa>users>current,5000.0,200.0,get,account-service,auth-service
1042832303,192.168.247.10,10.111.44.58,49462.0,5000.0,2447,1711,GET /uaa/users/current,>uaa>users>current,5000.0,200.0,get,account-service,auth-service
1042832303,192.168.247.10,192.168.247.8,49462.0,5000.0,2423,1711,GET /uaa/users/current,>uaa>users>current,5000.0,200.0,get,account-service,auth-service
1042832312,192.168.247.10,10.111.44.58,35172.0,5000.0,1436,1711,GET /uaa/users/current,>uaa>users>current,5000.0,200.0,get,account-service,auth-service
1042832312,192.168.247.10,192.168.247.8,35172.0,5000.0,1417,1711,GET /uaa/users/current,>uaa>users>current,5000.0,200.0,get,account-service,auth-service
1042832457,192.168.247.10,192.168.247.8,57804.0,5000.0,3130,1711,GET /uaa/users/current,>uaa>users>current,5000.0,200.0,get,account-service,auth-service
1042832457,192.168.247.10,10.111.44.58,57804.0,5000.0,3180,1711,GET /uaa/users/current,>uaa>users>current,5000.0,200.0,get,account-service,auth-service
1042832461,192.168.247.10,192.168.247.8,57804.0,5000.0,1586,1711,GET /uaa/users/current,>uaa>users>current,5000.0,200.0,get,account-service,auth-service
1042832461,192.168.247.10,10.111.44.58,57804.0,5000.0,1634,1711,GET /uaa/users/current,>uaa>users>current,5000.0,200.0,get,account-service,auth-service
1042832464,192.168.247.10,10.111.44.58,57804.0,5000.0,1299,1711,GET /uaa/users/current,>uaa>users>current,5000.0,200.0,get,account-service,auth-service
1042832464,192.168.247.10,192.168.247.8,57804.0,5000.0,1259,1711,GET /uaa/users/current,>uaa>users>current,5000.0,200.0,get,account-service,auth-service
1042832468,192.168.247.10,10.111.44.58,57804.0,5000.0,2251,1711,GET /uaa/users/current,>uaa>users>current,5000.0,200.0,get,account-service,auth-service
1042832468,192.168.247.10,192.168.247.8,57804.0,5000.0,2204,1711,GET /uaa/users/current,>uaa>users>current,5000.0,200.0,get,account-service,auth-service
1042832472,192.168.247.10,192.168.247.8,57804.0,5000.0,2879,1711,GET /uaa/users/current,>uaa>users>current,5000.0,200.0,get,account-service,auth-service
1042832472,192.168.247.10,10.111.44.58,57804.0,5000.0,2948,1711,GET /uaa/users/current,>uaa>users>current,5000.0,200.0,get,account-service,auth-service
1042832475,192.168.247.10,192.168.247.8,57804.0,5000.0,1696,1711,GET /uaa/users/current,>uaa>users>current,5000.0,200.0,get,account-service,auth-service
1042832475,192.168.247.10,10.111.44.58,57804.0,5000.0,1737,1711,GET /uaa/users/current,>uaa>users>current,5000.0,200.0,get,account-service,auth-service
1042832478,192.168.247.10,10.111.44.58,57804.0,5000.0,1790,1711,GET /uaa/users/current,>uaa>users>current,5000.0,200.0,get,account-service,auth-service
1042832478,192.168.247.10,192.168.247.8,57804.0,5000.0,1746,1711,GET /uaa/users/current,>uaa>users>current,5000.0,200.0,get,account-service,auth-service
1042832480,192.168.247.10,10.111.44.58,57804.0,5000.0,1452,1711,GET /uaa/users/current,>uaa>users>current,5000.0,200.0,get,account-service,auth-service
1042832480,192.168.247.10,192.168.247.8,57804.0,5000.0,1408,1711,GET /uaa/users/current,>uaa>users>current,5000.0,200.0,get,account-service,auth-service
1042832485,192.168.247.10,10.111.44.58,57804.0,5000.0,1470,1711,GET /uaa/users/current,>uaa>users>current,5000.0,200.0,get,account-service,auth-service
1042832485,192.168.247.10,192.168.247.8,57804.0,5000.0,1426,1711,GET /uaa/users/current,>uaa>users>current,5000.0,200.0,get,account-service,auth-service
1042832489,192.168.247.10,192.168.247.8,57804.0,5000.0,2110,1711,GET /uaa/users/current,>uaa>users>current,5000.0,200.0,get,account-service,auth-service
1042832489,192.168.247.10,10.111.44.58,57804.0,5000.0,2191,1711,GET /uaa/users/current,>uaa>users>current,5000.0,200.0,get,account-service,auth-service
1042832493,192.168.247.10,192.168.247.8,57804.0,5000.0,2478,1711,GET /uaa/users/current,>uaa>users>current,5000.0,200.0,get,account-service,auth-service
1042832493,192.168.247.10,10.111.44.58,57804.0,5000.0,2552,1711,GET /uaa/users/current,>uaa>users>current,5000.0,200.0,get,account-service,auth-service
